Date,Canal,Motif_contact,Nb_contacts,Temps_moyen_traitement,Taux_resolution
14/02/2025,Chat,Technique,153,15,85
06/02/2025,Téléphone,Information,134,14,68
27/02/2025,Chat,Résiliation,141,11,72
24/03/2025,Téléphone,Facturation,189,4,76
15/03/2025,Chat,Technique,159,12,92
26/02/2025,Email,Information,192,4,93
07/02/2025,Email,Technique,111,15,72
10/02/2025,Email,Résiliation,121,15,94
20/03/2025,Email,Information,89,14,90
13/02/2025,Chat,Information,81,8,77
04/02/2025,Email,Facturation,53,15,70
10/01/2025,Email,Technique,47,9,92
26/01/2025,Téléphone,Information,62,10,72
23/01/2025,Chat,Information,57,15,75
28/01/2025,Chat,Information,147,13,94
08/02/2025,Chat,Résiliation,138,7,87
28/02/2025,Email,Technique,75,14,84
19/01/2025,Téléphone,Facturation,181,11,89
09/01/2025,Téléphone,Technique,91,10,66
18/02/2025,Chat,Information,76,10,90
14/02/2025,Email,Technique,128,9,76
03/02/2025,Téléphone,Information,159,14,72
24/02/2025,Téléphone,Information,189,6,73
15/01/2025,Téléphone,Technique,196,4,70
05/02/2025,Chat,Information,190,14,78
12/02/2025,Email,Technique,113,8,90
04/01/2025,Chat,Technique,53,13,94
01/03/2025,Email,Information,52,5,73
01/03/2025,Chat,Information,164,8,93
13/01/2025,Email,Information,12,5,70
14/03/2025,Email,Technique,109,15,77
20/03/2025,Téléphone,Information,48,14,71
28/01/2025,Chat,Information,160,13,82
02/02/2025,Téléphone,Facturation,198,8,82
16/03/2025,Téléphone,Information,197,5,92
11/03/2025,Chat,Information,122,12,78
04/03/2025,Téléphone,Technique,166,5,89
14/02/2025,Téléphone,Résiliation,28,6,68
18/03/2025,Chat,Facturation,131,7,84
28/03/2025,Chat,Information,144,9,80
25/03/2025,Téléphone,Résiliation,26,4,77
13/03/2025,Téléphone,Facturation,77,5,85
18/01/2025,Email,Résiliation,81,9,93
16/02/2025,Chat,Information,173,7,74
11/01/2025,Téléphone,Technique,183,8,71
21/01/2025,Chat,Résiliation,81,11,78
26/01/2025,Email,Information,164,10,77
10/03/2025,Chat,Technique,44,6,76
27/02/2025,Chat,Information,104,8,90
10/03/2025,Email,Résiliation,72,6,74
28/01/2025,Email,Facturation,140,11,75
19/02/2025,Téléphone,Résiliation,70,7,80
28/02/2025,Email,Résiliation,194,8,69
21/02/2025,Téléphone,Information,131,14,71
18/01/2025,Email,Information,39,11,65
13/03/2025,Email,Résiliation,134,9,95
01/02/2025,Téléphone,Facturation,107,15,95
06/03/2025,Téléphone,Technique,151,6,69
11/03/2025,Email,Résiliation,181,12,88
30/01/2025,Téléphone,Résiliation,149,12,87
18/02/2025,Téléphone,Résiliation,170,6,94
20/01/2025,Téléphone,Information,13,8,90
18/01/2025,Téléphone,Information,110,7,74
14/01/2025,Chat,Information,150,9,89
09/02/2025,Email,Information,106,14,82
20/02/2025,Téléphone,Facturation,153,15,80
18/03/2025,Chat,Technique,186,15,83
06/02/2025,Téléphone,Information,50,13,69
06/03/2025,Email,Technique,80,5,67
28/02/2025,Téléphone,Résiliation,18,5,93
05/01/2025,Chat,Information,61,11,70
11/01/2025,Email,Technique,87,10,95
18/02/2025,Email,Résiliation,194,9,90
27/03/2025,Email,Information,79,8,81
22/01/2025,Email,Technique,11,15,80
02/01/2025,Chat,Facturation,163,14,89
25/02/2025,Chat,Facturation,99,8,79
21/01/2025,Chat,Technique,24,4,69
28/02/2025,Chat,Technique,198,8,85
13/01/2025,Email,Information,136,4,92
16/01/2025,Chat,Information,10,10,68
19/01/2025,Téléphone,Information,145,10,67
25/03/2025,Email,Technique,29,7,68
19/02/2025,Téléphone,Technique,74,7,69
11/01/2025,Email,Technique,29,14,89
13/03/2025,Téléphone,Technique,87,8,79
31/01/2025,Chat,Technique,13,4,67
06/03/2025,Téléphone,Technique,137,9,78
01/03/2025,Téléphone,Facturation,11,9,81
13/03/2025,Email,Résiliation,33,6,91
24/03/2025,Email,Facturation,97,10,67
16/03/2025,Email,Facturation,171,14,75
23/03/2025,Chat,Facturation,134,15,68
21/02/2025,Email,Information,137,14,85
31/01/2025,Chat,Facturation,54,10,65
01/03/2025,Email,Résiliation,80,12,94
05/02/2025,Chat,Résiliation,128,11,90
14/03/2025,Email,Facturation,191,15,92
24/01/2025,Chat,Technique,189,14,92
20/02/2025,Email,Information,141,8,93
28/02/2025,Téléphone,Résiliation,13,14,90
19/02/2025,Téléphone,Résiliation,50,11,91
09/01/2025,Téléphone,Résiliation,143,8,67
11/01/2025,Email,Information,68,6,93
28/01/2025,Email,Facturation,120,12,91
01/02/2025,Téléphone,Facturation,191,4,73
19/01/2025,Chat,Facturation,157,7,82
11/02/2025,Téléphone,Information,122,15,65
19/01/2025,Chat,Technique,140,10,77
22/02/2025,Téléphone,Résiliation,153,15,66
08/02/2025,Chat,Résiliation,106,11,83
10/03/2025,Chat,Facturation,144,11,83
13/02/2025,Chat,Résiliation,112,11,68
17/03/2025,Email,Résiliation,77,6,79
06/03/2025,Téléphone,Résiliation,85,15,79
14/03/2025,Téléphone,Résiliation,161,14,69
11/01/2025,Téléphone,Technique,162,9,75
10/01/2025,Téléphone,Technique,125,14,85
24/02/2025,Chat,Information,30,9,81
19/01/2025,Email,Information,41,8,82
25/01/2025,Chat,Facturation,182,5,65
14/01/2025,Chat,Facturation,169,12,85
06/03/2025,Email,Information,194,9,77
28/01/2025,Chat,Technique,132,5,80
14/03/2025,Téléphone,Technique,183,4,77
31/01/2025,Téléphone,Technique,50,5,66
20/01/2025,Chat,Facturation,106,8,84
28/03/2025,Email,Résiliation,154,14,73
28/03/2025,Chat,Information,61,6,85
01/01/2025,Email,Technique,120,13,86
09/01/2025,Chat,Résiliation,72,8,93
12/01/2025,Email,Technique,101,11,66
09/02/2025,Email,Information,150,15,79
05/01/2025,Chat,Facturation,117,10,95
08/02/2025,Chat,Facturation,164,15,85
14/02/2025,Email,Facturation,25,6,88
08/03/2025,Chat,Technique,56,10,84
14/01/2025,Email,Technique,134,8,95
22/01/2025,Téléphone,Information,33,10,82
17/03/2025,Email,Information,170,6,77
13/01/2025,Téléphone,Facturation,97,11,89
11/02/2025,Email,Résiliation,141,11,83
21/02/2025,Téléphone,Information,171,12,88
01/01/2025,Chat,Résiliation,112,4,87
08/03/2025,Téléphone,Résiliation,18,9,92
28/01/2025,Email,Facturation,128,9,71
25/03/2025,Chat,Information,56,7,77
01/02/2025,Téléphone,Information,64,4,88
15/02/2025,Email,Facturation,80,7,79
21/03/2025,Chat,Information,181,12,65
14/03/2025,Téléphone,Résiliation,185,6,72
01/01/2025,Téléphone,Facturation,40,9,80
15/01/2025,Email,Technique,17,6,94
24/01/2025,Téléphone,Résiliation,36,5,71
28/01/2025,Chat,Facturation,137,8,91
02/03/2025,Téléphone,Facturation,58,15,80
01/03/2025,Chat,Technique,192,11,78
24/03/2025,Chat,Technique,141,14,70
18/02/2025,Email,Résiliation,133,7,66
14/01/2025,Chat,Information,164,6,94
02/02/2025,Téléphone,Facturation,57,10,90
25/02/2025,Email,Résiliation,189,8,82
18/03/2025,Email,Facturation,74,15,69
18/03/2025,Chat,Information,105,8,67
04/01/2025,Chat,Information,129,8,65
21/01/2025,Chat,Facturation,32,4,93
19/02/2025,Téléphone,Facturation,134,10,89
19/02/2025,Chat,Technique,106,12,76
11/02/2025,Téléphone,Résiliation,161,7,68
27/03/2025,Chat,Information,174,4,83
24/02/2025,Chat,Facturation,36,4,81
05/03/2025,Téléphone,Résiliation,180,4,77
11/03/2025,Email,Facturation,15,4,68
27/02/2025,Chat,Résiliation,40,4,74
23/03/2025,Chat,Facturation,174,10,91
05/02/2025,Chat,Facturation,183,15,92
30/01/2025,Chat,Information,106,10,93
22/02/2025,Chat,Technique,14,14,68
24/02/2025,Téléphone,Facturation,149,13,73
27/03/2025,Chat,Résiliation,149,12,90
06/02/2025,Email,Facturation,157,11,75
19/01/2025,Téléphone,Résiliation,81,11,70
02/02/2025,Email,Information,94,14,71
03/01/2025,Chat,Technique,138,5,78
19/02/2025,Chat,Technique,127,13,76
17/02/2025,Email,Information,57,14,70
23/03/2025,Email,Résiliation,145,8,87
28/01/2025,Email,Résiliation,148,11,84
22/03/2025,Chat,Information,131,4,83
14/01/2025,Chat,Technique,150,8,94
04/02/2025,Chat,Technique,94,6,95
05/01/2025,Téléphone,Information,26,11,65
16/01/2025,Chat,Technique,195,12,72
18/03/2025,Téléphone,Information,99,12,92
09/01/2025,Téléphone,Information,106,15,72
16/01/2025,Chat,Information,106,14,94
13/01/2025,Email,Information,200,7,91
10/01/2025,Téléphone,Résiliation,30,7,77
09/02/2025,Téléphone,Information,53,13,68
11/02/2025,Téléphone,Facturation,113,11,74
04/03/2025,Téléphone,Information,194,8,72
08/02/2025,Chat,Information,14,12,89
21/01/2025,Chat,Information,53,4,95
09/02/2025,Email,Technique,199,12,66
18/02/2025,Email,Technique,77,14,72
28/01/2025,Chat,Information,168,10,84
27/01/2025,Téléphone,Facturation,164,4,74
28/02/2025,Téléphone,Information,68,14,90
20/01/2025,Téléphone,Résiliation,129,6,66
29/03/2025,Email,Facturation,123,12,91
01/03/2025,Téléphone,Facturation,131,10,67
16/01/2025,Email,Technique,176,5,75
27/03/2025,Téléphone,Facturation,10,14,75
27/01/2025,Téléphone,Facturation,186,5,88
09/02/2025,Email,Information,151,15,70
02/03/2025,Téléphone,Technique,200,7,65
25/02/2025,Email,Information,52,7,73
27/01/2025,Email,Résiliation,137,6,68
10/01/2025,Chat,Technique,131,6,90
21/02/2025,Chat,Technique,88,11,88
03/02/2025,Email,Résiliation,108,11,67
26/03/2025,Email,Technique,78,7,88
10/02/2025,Téléphone,Technique,116,11,81
01/01/2025,Email,Technique,122,12,74
10/02/2025,Email,Technique,125,4,65
17/03/2025,Email,Technique,113,15,82
27/02/2025,Téléphone,Technique,189,14,66
17/03/2025,Téléphone,Facturation,10,14,90
11/03/2025,Téléphone,Facturation,31,8,81
10/01/2025,Chat,Facturation,73,8,93
25/03/2025,Téléphone,Technique,22,6,74
11/01/2025,Chat,Information,18,5,73
03/01/2025,Chat,Technique,196,12,67
19/03/2025,Téléphone,Résiliation,111,12,83
04/01/2025,Téléphone,Technique,142,10,90
21/01/2025,Email,Information,83,13,90
24/02/2025,Email,Information,148,15,89
15/01/2025,Email,Facturation,161,15,82
13/01/2025,Chat,Information,146,10,77
12/01/2025,Chat,Information,32,9,91
01/01/2025,Chat,Résiliation,11,12,87
21/02/2025,Téléphone,Information,81,15,78
31/01/2025,Chat,Facturation,96,12,85
20/03/2025,Téléphone,Résiliation,11,13,67
23/02/2025,Email,Facturation,81,12,82
13/02/2025,Chat,Facturation,171,4,65
10/01/2025,Chat,Information,148,5,76
08/02/2025,Chat,Information,45,12,92
19/01/2025,Chat,Information,54,10,94
03/02/2025,Chat,Résiliation,107,8,76
16/03/2025,Téléphone,Information,107,8,78
12/01/2025,Email,Résiliation,148,7,65
05/01/2025,Chat,Information,107,7,85
21/01/2025,Chat,Résiliation,47,5,78
26/01/2025,Chat,Technique,180,5,95
22/03/2025,Chat,Résiliation,194,14,80
14/02/2025,Chat,Facturation,70,9,86
20/01/2025,Téléphone,Résiliation,173,6,65
08/02/2025,Téléphone,Technique,161,11,66
20/02/2025,Chat,Résiliation,122,8,76
12/02/2025,Email,Résiliation,180,12,69
18/01/2025,Chat,Facturation,12,7,88
24/02/2025,Téléphone,Technique,59,14,89
08/03/2025,Email,Information,169,5,66
06/02/2025,Chat,Technique,23,15,86
28/03/2025,Chat,Résiliation,182,15,78
20/03/2025,Téléphone,Information,198,12,81
03/03/2025,Chat,Résiliation,165,8,69
08/02/2025,Téléphone,Résiliation,85,12,82
07/01/2025,Téléphone,Information,109,15,80
04/01/2025,Email,Facturation,175,14,79
24/02/2025,Chat,Technique,62,11,69
16/03/2025,Téléphone,Information,97,6,77
01/03/2025,Chat,Technique,70,6,88
12/01/2025,Email,Technique,189,10,94
23/02/2025,Chat,Information,103,9,66
22/02/2025,Téléphone,Information,147,11,85
26/01/2025,Chat,Résiliation,178,14,76
19/01/2025,Téléphone,Technique,69,15,89
08/01/2025,Chat,Technique,131,13,87
07/01/2025,Chat,Facturation,26,7,79
05/03/2025,Email,Technique,51,7,68
12/02/2025,Téléphone,Facturation,18,15,67
02/03/2025,Téléphone,Information,193,12,65
21/03/2025,Téléphone,Résiliation,153,9,90
14/01/2025,Chat,Résiliation,132,8,71
07/03/2025,Email,Technique,61,6,80
20/01/2025,Téléphone,Facturation,119,4,75
17/03/2025,Téléphone,Information,144,12,75
12/02/2025,Téléphone,Technique,51,12,68
10/03/2025,Chat,Facturation,174,8,80
26/03/2025,Chat,Résiliation,146,5,68
08/01/2025,Chat,Technique,124,7,74
01/01/2025,Téléphone,Résiliation,59,13,75
14/03/2025,Email,Technique,96,11,69
24/01/2025,Chat,Facturation,137,6,83
12/01/2025,Téléphone,Technique,27,10,77
29/01/2025,Téléphone,Résiliation,120,6,92
31/01/2025,Téléphone,Information,141,10,84
02/01/2025,Chat,Technique,114,12,69
